Address (dec),Address (hex),Name,Category,Length,Scale,Unit,Access,Min,Max,Enum/Bitfields,Raw example,Decoded example,Confirmed,Notes
3,0x0003,System status,System,1,,,RO,,,Bitfield,,,Yes,
4,0x0004,Battery status,Battery,1,,,RO,,,Enum,,,Yes,
5,0x0005,Battery SOC,Battery,1,1,%,RO,0,100,,,,Yes,Charge %
6,0x0006,Time of day,System,1,,,RO,0,1,,,,Yes,"0-Night, 1-Day"
7,0x0007,Battery voltage,Battery,1,"0,1",V,RO,,,,,,Yes,
8,0x0008,Battery current,Battery,1,"0,1",A,RO,,,,,,Yes,
9,0x0009,PV voltage,PV,1,"0,1",V,RO,,,,,,Yes,
10,0x000A,PV current,PV,1,"0,1",A,RO,,,,,,Yes,
11,0x000B,Turbine voltage,Turbine,1,"0,1",V,RO,,,,,,Yes,
12,0x000C,Turbine current,Turbine,1,"0,1",A,RO,,,,,,Yes,
13,0x000D,Turbine unloaded voltage,Turbine,1,"0,1",V,RO,,,,,,Yes,
14,0x000E,Turbine unloaded current,Turbine,1,"0,1",A,RO,,,,,,Yes,
15,0x000F,System temperature,System,1,"0,1",*C,RO,-500,9999,,721,"22,1",Yes,"Offset of -50C, 9999=abnormal"
16,0x0010,Battery temperature,Battery,1,"0,1",*C,RO,-500,9999,,481,"2,1",Yes,"Offset of -50C, 9999=abnormal"
29,0x001D,Turbine RPM,Turbine,1,1,RPM,RO,,,,,,Yes,
30,0x001E,Output voltage,Output,1,"0,1",V,RO,,,,,,Yes,
39,0x0027,PV power,PV,1,1,W,RO,,,,,,Yes,
40,0x0028,Turbine power,Turbine,1,1,W,RO,,,,,,Yes,
41,0x0029,Battery power,Battery,1,1,W,RO,,,,,,Yes,
42,0x002A,Output power,Output,1,1,W,RO,,,,,,Yes,
43,0x002B,Turbine unloaded power,Turbine,1,1,W,RO,,,,,,Yes,
44,0x002C,Turbine wind speed,Turbine,1,"0,01",m/s,RO,,,,,,Yes,
48,0x0030,PV daily energy,PV,1,"0,01",kWh,RO,,,,,,Yes,
49,0x0031,Turbine daily energy,Turbine,1,"0,01",kWh,RO,,,,,,Yes,
50,0x0032,Battery daily energy,Battery,1,"0,01",kWh,RO,,,,,,Yes,
51,0x0033,Output daily energy,Output,1,"0,01",kWh,RO,,,,,,Yes,
52,0x0034,PV 30-day energy,PV,1,"0,1",kWh,RO,,,,,,Yes,
53,0x0035,Turbine 30-day energy,Turbine,1,"0,1",kWh,RO,,,,,,Yes,
54,0x0036,Battery 30-day energy,Battery,1,"0,1",kWh,RO,,,,,,Yes,
55,0x0037,Output 30-day energy,Output,1,"0,1",kWh,RO,,,,,,Yes,
56,0x0038,PV cumulative energy,PV,2,1,kWh,RO,,,,,,Yes,
58,0x003A,Turbine cumulative energy,Turbine,2,1,kWh,RO,,,,,,Yes,
60,0x003C,Battery cumulative energy,Battery,2,1,kWh,RO,,,,,,Yes,
62,0x003E,Output cumulative energy,Output,2,1,kWh,RO,,,,,,Yes,
4097,0x1001,Battery capacity,Battery,1,1,Ah,RW,,,,,,Yes,
4098,0x1002,Battery rated voltage,Battery,1,1,V,RW,12,48,,,,Yes,Configured battery store voltage
4099,0x1003,Battery threshold (gfbh),Battery,1,"0,1",V,RW,,,,,,,
4100,0x1004,Battery threshold (gfhf),Battery,1,"0,1",V,RW,,,,,,,
4101,0x1005,Battery threshold (fcbh),Battery,1,"0,1",V,RW,,,,,,,
4102,0x1006,Battery threshold (gchf),Battery,1,"0,1",V,RW,,,,,,,
4103,0x1007,Battery threshold (gcbh),Battery,1,"0,1",V,RW,,,,,,,
4104,0x1008,Battery threshold (cyhf),Battery,1,"0,1",V,RW,,,,,,,
4105,0x1009,Battery threshold (cybh),Battery,1,"0,1",V,RW,,,,,,,
4106,0x100A,Battery type (technology),Battery,1,,,RW,,,Enum,,,,
4107,0x100B,WDBC channel,System,1,,,RW,,,,,,,
4108,0x100C,RS485 Modbus address,Config,1,,,RW,1,254,,,,,
4109,0x100D,Clear total generation trigger,System,1,,,WO,,,,,,,
4110,0x100E,Manual battery voltage setting,Battery,1,,,RW,0,1,,,,Yes,"0-Auto, 1-Manual"
4111,0x100F,Device language,Config,1,,,RW,,,,,,,
4112,0x1010,Clear total consumption trigger,System,1,,,WO,,,,,,,
8193,0x2001,PV open voltage,PV,1,"0,1",V,RO,,,,,,,
8194,0x2002,PV close voltage,PV,1,"0,1",V,RO,,,,,,,
8195,0x2003,Charging enable,PV,1,,,RW,,,,,,,
8196,0x2004,MPPT enable,PV,1,,,RW,,,,,,,
8197,0x2005,Max charging current,PV,1,"0,1",A,RW,,,,,,,
12289,0x3001,Turbine charging enable,Turbine,1,,,RW,,,,,,,
12290,0x3002,Turbine MPPT enable,Turbine,1,,,RW,,,,,,,
12291,0x3003,Unload enable,Turbine,1,,,RW,,,,,,,
12292,0x3004,Max voltage,Turbine,1,1,V,RO,,,,,,,
12293,0x3005,Max current,Turbine,1,"0,1",A,RO,,,,,,,
12294,0x3006,Max RPM,Turbine,1,1,RPM,RO,,,,,,,
12295,0x3007,Pole pairs,Turbine,1,,,RW,,,,,,,
12296,0x3008,MPPT cut-in voltage,Turbine,1,1,V,RW,,,,,,,
12297,0x3009,MPPT cut-in RPM,Turbine,1,1,RPM,RW,,,,,,,
12298,0x300A,Unload delay,Turbine,1,1,s,RW,,,,,,,
12299,0x300B,Rated RPM,Turbine,1,1,RPM,RW,,,,,,,
12300,0x300C,Rated voltage,Turbine,1,1,V,RW,,,,,,,
12301,0x300D,MPPT adjustment factor,Turbine,1,,,RW,,,,,,,
12302,0x300E,MPPT max voltage,Turbine,1,1,V,RW,,,,,,,
12303,0x300F,MPPT curve point (1-40),Turbine,40,,,RW,,,,,,,
16385,0x4001,Output mode,Output,1,,,RW,,,,,,Yes,
16386,0x4002,Output enable,Output,1,,,RW,,,,,,,
16393,0x4009,Output BHDL,Output,1,"0,1",V,RW,,,,,,,
16394,0x400A,Output EDDL,Output,1,"0,1",V,RW,,,,,,,
16395,0x400B,Output EDDY,Output,1,1,min,RW,,,,,,,
16396,0x400C,Output EDLG,Output,1,1,W,RW,,,,,,,
16397,0x400D,Time 1 power,Output,1,1,W,RW,,,,,,,
16398,0x400E,Time 2 power,Output,1,1,W,RW,,,,,,,
16399,0x400F,Time 3 power,Output,1,1,W,RW,,,,,,,
16400,0x4010,Output energy enable,Output,1,,,RW,,,,,,,
16402,0x4012,Output energy voltage,Output,1,"0,1",V,RW,,,,,,,
16404,0x4014,Output GFBHD,Output,1,"0,1",V,RW,,,,,,,
16405,0x4015,Output GFHFD,Output,1,"0,099",V,RW,,,,,,,
16408,0x4018,Time 4 power,Output,1,1,W,RW,,,,,,,
16409,0x4019,Time clear power,Output,1,1,W,RW,,,,,,,
16410,0x401A,Time 1,Output,1,,HHMM,RW,,,,,,,
16411,0x401B,Time 2,Output,1,,HHMM,RW,,,,,,,
16412,0x401C,Time 3,Output,1,,HHMM,RW,,,,,,,
16413,0x401D,Time 4,Output,1,,HHMM,RW,,,,,,,
16414,0x401E,Time clear,Output,1,,HHMM,RW,,,,,,,
57345,0xE001,Show battery display,Battery,1,,,RO,,,,,,Yes,
57346,0xE002,Show battery setting,Battery,1,,,RO,,,,,,Yes,
57347,0xE003,Show PV display,PV,1,,,RO,,,,,,Yes,
57348,0xE004,Show PV setting,PV,1,,,RO,,,,,,Yes,
57349,0xE005,Show turbine display,Turbine,1,,,RO,,,,,,Yes,
57350,0xE006,Show turbine setting,Turbine,1,,,RO,,,,,,Yes,
57351,0xE007,Show output display,Output,1,,,RO,,,,,,Yes,
57352,0xE008,Show output setting,Output,1,,,RO,,,,,,Yes,
57353,0xE009,Show ???,,1,,,RO,,,,,,,
57354,0xE00A,Device password,Config,1,,,RW,,,,,,,
57355,0xE00B,Grid connect feature visible,Config,1,,,RO,,,,,,,
59392,0xE800,Grid visibility mask,Config,14,,,RO,,,,,,,
61441,0xF001,Modbus address,System,1,,,RO,,,,,,Yes,